
[{"id": "01","nameHtml": "<u><strong>E</strong></u>gipto","flag": "assets/images/flags/01_Egipto.png","countryAudio": "assets/audio/pais/01_Egipto.mp3","nationalityHtml": "egip<u><strong>cio</strong></u> → a","nationalityAudio": "assets/audio/nacionalidad/01_egipcio.mp3"},
{"id": "02","nameHtml": "Tai<u><strong>wán</strong></u>","flag": "assets/images/flags/02_Taiwan.png","countryAudio": "assets/audio/pais/02_Taiwan.mp3","nationalityHtml": "taiwan<u><strong>és</strong></u> + a","nationalityAudio": "assets/audio/nacionalidad/02_taiwanes.mp3"},
{"id": "03","nameHtml": "<u><strong>Mé</strong></u>xico","flag": "assets/images/flags/03_Mexico.png","countryAudio": "assets/audio/pais/03_Mexico.mp3","nationalityHtml": "mexi<u><strong>ca</strong></u>no → a","nationalityAudio": "assets/audio/nacionalidad/03_mexicano.mp3"},
{"id": "04","nameHtml": "Ja<u><strong>pón</strong></u>","flag": "assets/images/flags/04_Japon.png","countryAudio": "assets/audio/pais/04_Japon.mp3","nationalityHtml": "japo<u><strong>nés</strong></u> + a","nationalityAudio": "assets/audio/nacionalidad/04_japones.mp3"},
{"id": "05","nameHtml": "Aus<u><strong>tra</strong></u>lia","flag": "assets/images/flags/05_Australia.png","countryAudio": "assets/audio/pais/05_Australia.mp3","nationalityHtml": "austra<u><strong>lia</strong></u>no → a","nationalityAudio": "assets/audio/nacionalidad/05_australiano.mp3"},
{"id": "06","nameHtml": "Indo<u><strong>ne</strong></u>sia","flag": "assets/images/flags/06_Indonesia.png","countryAudio": "assets/audio/pais/06_Indonesia.mp3","nationalityHtml": "indone<u><strong>sio</strong></u> → a","nationalityAudio": "assets/audio/nacionalidad/06_indonesio.mp3"},
{"id": "07","nameHtml": "Ma<u><strong>rrue</strong></u>cos","flag": "assets/images/flags/07_Marruecos.png","countryAudio": "assets/audio/pais/07_Marruecos.mp3","nationalityHtml": "marro<u><strong>quí</strong></u>","nationalityAudio": "assets/audio/nacionalidad/07_marroqui.mp3"},
{"id": "08","nameHtml": "Ale<u><strong>ma</strong></u>nia","flag": "assets/images/flags/08_Alemania.png","countryAudio": "assets/audio/pais/08_Alemania.mp3","nationalityHtml": "alem<u><strong>án</strong></u> + a","nationalityAudio": "assets/audio/nacionalidad/08_aleman.mp3"},
{"id": "09","nameHtml": "Por<u><strong>tu</strong></u>gal","flag": "assets/images/flags/09_Portugal.png","countryAudio": "assets/audio/pais/09_Portugal.mp3","nationalityHtml": "portu<u><strong>gués</strong></u> + a","nationalityAudio": "assets/audio/nacionalidad/09_portugues.mp3"},
{"id": "10","nameHtml": "Ho<u><strong>lan</strong></u>da","flag": "assets/images/flags/10_Holanda.png","countryAudio": "assets/audio/pais/10_Holanda.mp3","nationalityHtml": "holan<u><strong>dés</strong></u> + a","nationalityAudio": "assets/audio/nacionalidad/10_holandes.mp3"},
{"id": "11","nameHtml": "Bra<u><strong>sil</strong></u>","flag": "assets/images/flags/11_Brasil.png","countryAudio": "assets/audio/pais/11_Brasil.mp3","nationalityHtml": "brasi<u><strong>le</strong></u>ño → a","nationalityAudio": "assets/audio/nacionalidad/11_brasileho.mp3"},
{"id": "12","nameHtml": "Es<u><strong>ta</strong></u>dos <u><strong>U</strong></u>nidos","flag": "assets/images/flags/12_EstadosUnidos.png","countryAudio": "assets/audio/pais/12_EstadosUnidos.mp3","nationalityHtml": "estado<u><strong>unidense</strong></u>","nationalityAudio": "assets/audio/nacionalidad/12_estadounidense.mp3"},
{"id": "13","nameHtml": "<u><strong>Sui</strong></u>za","flag": "assets/images/flags/13_Suiza.png","countryAudio": "assets/audio/pais/13_Suiza.mp3","nationalityHtml": "<u><strong>sui</strong></u>zo → a","nationalityAudio": "assets/audio/nacionalidad/13_suizo.mp3"},
{"id": "14","nameHtml": "<u><strong>Chi</strong></u>na","flag": "assets/images/flags/14_China.png","countryAudio": "assets/audio/pais/14_China.mp3","nationalityHtml": "chi<u><strong>no</strong></u> → a","nationalityAudio": "assets/audio/nacionalidad/14_chino.mp3"},
{"id": "15","nameHtml": "Es<u><strong>pa</strong></u>ña","flag": "assets/images/flags/15_Espana.png","countryAudio": "assets/audio/pais/15_Espana.mp3","nationalityHtml": "espa<u><strong>ñol</strong></u> → a","nationalityAudio": "assets/audio/nacionalidad/15_espanol.mp3"},
{"id": "16","nameHtml": "<u><strong>Sue</strong></u>cia","flag": "assets/images/flags/16_Suecia.png","countryAudio": "assets/audio/pais/16_Suecia.mp3","nationalityHtml": "sue<u><strong>co</strong></u> → a","nationalityAudio": "assets/audio/nacionalidad/16_sueco.mp3"},
{"id": "17","nameHtml": "Ca<u><strong>na</strong></u>dá","flag": "assets/images/flags/17_Canada.png","countryAudio": "assets/audio/pais/17_Canada.mp3","nationalityHtml": "canad<u><strong>iense</strong></u>","nationalityAudio": "assets/audio/nacionalidad/17_canadiense.mp3"},
{"id": "18","nameHtml": "Argen<u><strong>ti</strong></u>na","flag": "assets/images/flags/18_Argentina.png","countryAudio": "assets/audio/pais/18_Argentina.mp3","nationalityHtml": "argen<u><strong>ti</strong></u>no → a","nationalityAudio": "assets/audio/nacionalidad/18_argentino.mp3"},
{"id": "19","nameHtml": "Co<u><strong>rea</strong></u> del Sur","flag": "assets/images/flags/19_CoreadelSur.png","countryAudio": "assets/audio/pais/19_Coreadelsur.mp3","nationalityHtml": "core<u><strong>ano</strong></u> → a","nationalityAudio": "assets/audio/nacionalidad/19_coreano.mp3"},
{"id": "20","nameHtml": "Ma<u><strong>la</strong></u>sia","flag": "assets/images/flags/20_Malasia.png","countryAudio": "assets/audio/pais/20_Malasia.mp3","nationalityHtml": "ma<u><strong>la</strong></u>yo → a","nationalityAudio": "assets/audio/nacionalidad/20_malayo.mp3"},
{"id": "21","nameHtml": "Ita<u><strong>lia</strong></u>","flag": "assets/images/flags/21_Italia.png","countryAudio": "assets/audio/pais/21_Italia.mp3","nationalityHtml": "ita<u><strong>lia</strong></u>no → a","nationalityAudio": "assets/audio/nacionalidad/21_italiano.mp3"},
{"id": "22","nameHtml": "Vi<u><strong>et</strong></u>nam","flag": "assets/images/flags/22_Vietnam.png","countryAudio": "assets/audio/pais/22_Vietnam.mp3","nationalityHtml": "vietna<u><strong>mi</strong></u>ta","nationalityAudio": "assets/audio/nacionalidad/22_vietnamita.mp3"},
{"id": "23","nameHtml": "<u><strong>Ru</strong></u>sia","flag": "assets/images/flags/23_Rusia.png","countryAudio": "assets/audio/pais/23_Rusia.mp3","nationalityHtml": "ru<u><strong>so</strong></u> → a","nationalityAudio": "assets/audio/nacionalidad/23_ruso.mp3"},
{"id": "24","nameHtml": "Fran<u><strong>cia</strong></u>","flag": "assets/images/flags/24_Francia.png","countryAudio": "assets/audio/pais/24_Francia.mp3","nationalityHtml": "fran<u><strong>cés</strong></u> + a","nationalityAudio": "assets/audio/nacionalidad/24_frances.mp3"},
{"id": "25","nameHtml": "Costa <u><strong>Ri</strong></u>ca","flag": "assets/images/flags/25_CostaRica.png","countryAudio": "assets/audio/pais/25_CostaRica.mp3","nationalityHtml": "costarri<u><strong>cen</strong></u>se","nationalityAudio": "assets/audio/nacionalidad/25_costarricense.mp3"},
{"id": "26","nameHtml": "Tai<u><strong>lan</strong></u>dia","flag": "assets/images/flags/26_Tailandia.png","countryAudio": "assets/audio/pais/26_Tailandia.mp3","nationalityHtml": "tailan<u><strong>dés</strong></u> + a","nationalityAudio": "assets/audio/nacionalidad/26_tailandes.mp3"},
{"id": "27","nameHtml": "In<u><strong>gl</strong></u>aterra","flag": "assets/images/flags/27_Inglaterra.png","countryAudio": "assets/audio/pais/27_Inglaterra.mp3","nationalityHtml": "in<u><strong>glés</strong></u> + a","nationalityAudio": "assets/audio/nacionalidad/27_ingles.mp3"}]
